Surname,Country
Mercer,USA
Carrillo,USA
Flowers,USA
Dorsey,USA
Perry,USA
Owen,USA
Owen,USA
Forbes,USA
Shannon,USA
Singh,USA
Ferrell,USA
Costa,USA
Cameron,USA
Cardenas,USA
Simon,USA
Stewart,USA
Buchanan,USA
Juarez,USA
Porter,USA
Porter,USA
Huff,USA
Mullins,USA
Mullins,USA
Walker,USA
Jensen,USA
Carr,USA
Chandler,USA
Ramirez,USA
Fritz,USA
Espinoza,USA
Leonard,USA
Holland,USA
Brown,UK
Berger,USA
Shaffer,USA
Franco,USA
Hurley,USA
Hogan,USA
Irwin,USA
Pugh,USA
Vega,USA
Patrick,Belgium
Fischer,USA
Mcconnell,USA
Weber,USA
Riggs,USA
Estes,USA
Rios,USA
Gilbert,USA
Horne,USA
Hatfield,USA
Robles,USA
Olsen,USA
Stout,USA
Mata,USA
Liu,USA
Stein,USA
Tate,USA
Karenina,Russia
Hansen,USA
Lynn,USA
Ewing,USA
Glass,USA
Sharp,USA
Greer,Denmark
Simpson,USA
Williamson,USA
Navarro,USA
Sanchez,USA
Robinson,USA
Larsen,USA
Nelson,Germany
Oconnor,USA
Mora,USA
Watts,USA
Park,USA
Mendez,Mexico
Lucero,USA
Morrison,USA
Turner,USA
Meyer,USA
Meyer,USA
Bailey,UK
Guerra,USA
Hendricks,USA
Terrell,USA
Terrell,USA
Terrell,USA
Ayers,USA
Mckee,USA
Fisher,USA
Howard,USA
Collier,USA
Reeves,USA
Reeves,USA
Shaffer,USA
Palmer,USA
Lozano,USA
Glover,USA
Grant,USA
Nixon,USA
Stephenson,USA
Gay,USA
Gross,USA
Gross,USA
Benitez,USA
Ali,USA
Li,USA
Taylor,USA
Phelps,USA
Blake,USA
Huff,USA
Fuller,USA
Fuller,USA
Aleksandrov,Russia
Wright,USA
Crane,USA
Curry,USA
Oneill,USA
Steward,USA
Shea,Belgium
Walter,USA
Hess,USA
Bennett,USA
Bright,USA
Michael,USA
Bray,USA
Chen,USA
Charles,USA
Cross,USA
Hinton,USA
Hinton,USA
Huang,USA
Lynch,USA
Ellis,USA
Christensen,USA
Poole,USA
Anderson,USA
Goodwin,USA
Petrova,Russia
Miller,USA
Nielsen,USA
Merritt,USA
Choi,USA
Strong,USA
Strong,USA
Faulkner,Canada
Faulkner,Canada
Faulkner,Canada
Faulkner,Canada
Faulkner,Canada
Faulkner,Canada
Faulkner,Canada
Mack,USA
Simmons,USA
Cline,USA
Madden,USA
Marquez,USA
Campos,USA
Gallagher,USA
Johns,USA
Hickman,USA
Hanson,USA
Hanson,USA
Gibson,USA
Oconnell,USA
Wyatt,USA
Melton,USA
Edwards,USA
Edwards,USA
Obrien,USA
Obrien,USA
Mueller,USA
Mueller,USA
Villarreal,Russia
Roman,USA
Kennedy,USA
Hunt,USA
Co,USA
Co,USA
Co,USA
Co,USA
Co,USA
Co,USA
Co,USA
Co,USA
Co,USA
Co,USA
Co,USA
Co,USA
Co,USA
Co,USA
Co,USA
Co,USA
Co,USA
